{
  "system": "Linux",
  "version": "1.1.1",
  "lite": false,
  "py_version": "3.11",
  "py_version_micro": "3.11.14",
  "packages": {
    "regex": "2025.10.23",
    "tifffile": "2025.10.16",
    "certifi": "2025.10.5",
    "jsonschema-specifications": "2025.9.1",
    "fsspec": "2025.9.0",
    "tzdata": "2025.2",
    "pytz": "2023.4",
    "setuptools": "60.2.0",
    "cryptography": "46.0.3",
    "attrs": "25.4.0",
    "pip": "25.3",
    "packaging": "24.2",
    "gunicorn": "22.0.0",
    "virtualenv": "20.35.4",
    "pyarrow": "15.0.2",
    "rich": "13.4.2",
    "nvidia-nvjitlink-cu12": "12.9.86",
    "nvidia-cuda-cupti-cu12": "12.1.105",
    "nvidia-cuda-nvrtc-cu12": "12.1.105",
    "nvidia-cuda-runtime-cu12": "12.1.105",
    "nvidia-nvtx-cu12": "12.1.105",
    "nvidia-cublas-cu12": "12.1.3.1",
    "nvidia-cusparse-cu12": "12.1.0.106",
    "nvidia-cusolver-cu12": "11.4.5.107",
    "nvidia-cufft-cu12": "11.0.2.54",
    "pillow": "10.4.0",
    "nvidia-curand-cu12": "10.3.2.106",
    "nvidia-cudnn-cu12": "8.9.2.26",
    "click": "8.3.0",
    "nvidia-ml-py3": "7.352.0",
    "smart-open": "7.4.1",
    "importlib-metadata": "7.2.1",
    "docker": "7.1.0",
    "multidict": "6.7.0",
    "pyyaml": "6.0.3",
    "psutil": "5.9.8",
    "cachetools": "5.5.2",
    "gdown": "5.2.0",
    "smmap": "5.0.2",
    "tqdm": "4.65.2",
    "fonttools": "4.60.1",
    "transformers": "4.40.2",
    "protobuf": "4.25.8",
    "jsonschema": "4.21.1",
    "typing-extensions": "4.15.0",
    "beautifulsoup4": "4.14.2",
    "antlr4-python3-runtime": "4.9.3",
    "rsa": "4.9.1",
    "platformdirs": "4.5.0",
    "ordered-set": "4.1.0",
    "gitdb": "4.0.12",
    "markdown-it-py": "4.0.0",
    "pycryptodome": "3.23.0",
    "zipp": "3.23.0",
    "filelock": "3.14.0",
    "aiohttp": "3.13.2",
    "idna": "3.11",
    "matplotlib": "3.10.7",
    "nltk": "3.9.2",
    "markdown": "3.9",
    "threadpoolctl": "3.6.0",
    "xxhash": "3.6.0",
    "networkx": "3.5",
    "charset-normalizer": "3.4.4",
    "graphene": "3.4.3",
    "graphql-core": "3.2.6",
    "pyparsing": "3.2.5",
    "greenlet": "3.2.4",
    "graphql-relay": "3.2.0",
    "gitpython": "3.1.45",
    "jinja2": "3.1.6",
    "werkzeug": "3.1.3",
    "flask": "3.1.2",
    "cloudpickle": "3.1.1",
    "markupsafe": "3.0.3",
    "google-auth": "2.42.0",
    "pydantic-core": "2.41.4",
    "imageio": "2.37.0",
    "requests": "2.28.2",
    "google-api-core": "2.28.1",
    "pycparser": "2.23",
    "nvidia-nccl-cu12": "2.20.5",
    "tensorboard": "2.20.0",
    "pygments": "2.19.2",
    "oss2": "2.17.0",
    "aliyun-python-sdk-kms": "2.16.5",
    "aliyun-python-sdk-core": "2.16.0",
    "datasets": "2.14.4",
    "mlflow": "2.14.2",
    "pydantic": "2.12.3",
    "ray": "2.10.0",
    "python-dateutil": "2.9.0.post0",
    "soupsieve": "2.8",
    "tensorboardx": "2.6.4",
    "aiohappyeyeballs": "2.6.1",
    "pytorch-lightning": "2.5.5",
    "nptyping": "2.4.1",
    "lightning": "2.3.3",
    "torch": "2.3.1",
    "absl-py": "2.3.1",
    "triton": "2.3.1",
    "pytorch-metric-learning": "2.3.0",
    "omegaconf": "2.2.3",
    "pandas": "2.2.3",
    "itsdangerous": "2.2.0",
    "sqlalchemy": "2.0.44",
    "cffi": "2.0.0",
    "wrapt": "2.0.0",
    "grpcio": "1.76.0",
    "googleapis-common-protos": "1.71.0",
    "botocore": "1.40.62",
    "boto3": "1.40.62",
    "opentelemetry-api": "1.38.0",
    "opentelemetry-sdk": "1.38.0",
    "urllib3": "1.26.20",
    "numpy": "1.26.4",
    "proto-plus": "1.26.1",
    "yarl": "1.22.0",
    "alembic": "1.17.1",
    "six": "1.17.0",
    "pdf2image": "1.17.0",
    "sympy": "1.14.0",
    "scipy": "1.12.0",
    "pywavelets": "1.9.0",
    "blinker": "1.9.0",
    "frozenlist": "1.8.0",
    "pysocks": "1.7.1",
    "crcmod": "1.7",
    "joblib": "1.5.2",
    "kiwisolver": "1.4.9",
    "aiosignal": "1.4.0",
    "scikit-learn": "1.4.0",
    "mako": "1.3.10",
    "contourpy": "1.3.3",
    "text-unidecode": "1.3",
    "mpmath": "1.3.0",
    "querystring-parser": "1.2.4",
    "seqeval": "1.2.2",
    "torchmetrics": "1.2.1",
    "hf-xet": "1.2.0",
    "nlpaug": "1.1.11",
    "msgpack": "1.1.2",
    "autogluon.core": "1.1.1",
    "autogluon.features": "1.1.1",
    "autogluon.tabular": "1.1.1",
    "autogluon.common": "1.1.1",
    "autogluon.multimodal": "1.1.1",
    "future": "1.0.0",
    "multiprocess": "0.70.15",
    "opentelemetry-semantic-conventions": "0.59b0",
    "wheel": "0.45.1",
    "referencing": "0.37.0",
    "huggingface-hub": "0.36.0",
    "rpds-py": "0.28.0",
    "prometheus-client": "0.23.1",
    "accelerate": "0.21.0",
    "scikit-image": "0.20.0",
    "tokenizers": "0.19.1",
    "torchvision": "0.18.1",
    "lightning-utilities": "0.15.2",
    "s3transfer": "0.14.0",
    "cycler": "0.12.1",
    "opencensus": "0.11.4",
    "py4j": "0.10.9.9",
    "jmespath": "0.10.0",
    "timm": "0.9.16",
    "tabulate": "0.9.0",
    "aiohttp-cors": "0.8.1",
    "tensorboard-data-server": "0.7.2",
    "defusedxml": "0.7.1",
    "annotated-types": "0.7.0",
    "safetensors": "0.6.2",
    "pyasn1": "0.6.1",
    "colorful": "0.5.8",
    "sqlparse": "0.5.3",
    "evaluate": "0.4.6",
    "colorama": "0.4.6",
    "pyasn1-modules": "0.4.2",
    "typing-inspection": "0.4.2",
    "propcache": "0.4.1",
    "py-spy": "0.4.1",
    "entrypoints": "0.4",
    "lazy-loader": "0.4",
    "distlib": "0.4.0",
    "pytesseract": "0.3.10",
    "openmim": "0.3.9",
    "dill": "0.3.7",
    "hyperopt": "0.2.7",
    "sentencepiece": "0.2.1",
    "model-index": "0.1.11",
    "opencensus-context": "0.1.3",
    "openxlab": "0.1.3",
    "mdurl": "0.1.2",
    "opendatalab": "0.0.10"
  }
}